{
    "titles": [
        {"text": "Impact of COVID-19", "left": 0, "top": 20, "level": 1},
        {"text": "on business", "left": 0, "top": 36, "level": 1}
    ],
    "values": [4, 66, 13, 2, 15],
    "colors": ["#526662", "#2EE7D2", "#233535", "#ADBFBE", "#0A85D4"],
    "label": {
        "4": {"left": 0, "top": -40, "color": "#566563"},
        "66": {"left": 10, "top": -2, "color": "#566563"},
        "13": {"left": -33, "top": 3, "color": "#fff"},
        "2": {"left": -49, "top": -22, "color": "#566563"},
        "15": {"left": -22, "top": -15, "color": "#fff"}
    },
    "hints": {
        "4": {
            "left": 67,
            "top": -65,
            "key": "Critical impact",
            "note1": "business may have to",
            "note2": "close permanently"
        },
        "66": {
            "left": 67,
            "top": -27,
            "key": "Significant impact",
            "note1": "critical threat to business",
            "note2": "that can be mitigated"
        },
        "13": {
            "left": 67,
            "top": 10,
            "key": "Limited impact",
            "note1": "minimal threat to business"
        },
        "2": {
            "left": 67,
            "top": 38,
            "key": "No impact",
            "note1": "no threat to business"
        },
        "15": {
            "left": 67,
            "top": 65,
            "key": "Positive impact",
            "note1": "can be seen as an",
            "note2": "opportunity for business"
        }
    }
}
