{
    "titles": [
        {"text": "Most are cautious about", "left": 0, "top": 20, "level": 1},
        {"text": "business recovery time", "left": 0, "top": 36, "level": 1}
    ],
    "values": [6, 15, 22, 35, 16, 6],
    "colors": ["#D6D6D6", "#575757", "#008BEA", "#2EE7D2", "#222222", "#B3B3B3"],
    "label": {
        "6-1": {"left": 3, "top": -40, "color": "#566563"},
        "15": {"left": 10, "top": -8, "color": "#fff"},
        "22": {"left": 2, "top": 10, "color": "#fff"},
        "35": {"left": -17, "top": 18, "color": "#566563"},
        "16": {"left": -22, "top": -8, "color": "#fff"},
        "6-2": {"left": -15, "top": -40, "color": "#566563"}
    },
    "hints": {
        "6-1": {
            "left": 70,
            "top": -50,
            "note1": "Less than a month",
            "note2": ""
        },
        "15": {
            "left": 70,
            "top": -30,
            "note1": "1 - 3 months",
            "note2": ""
        },
        "22": {
            "left": 70,
            "top": -10,
            "note1": "3 - 6 months",
            "note2": ""
        },
        "35": {
            "left": 70,
            "top": 10,
            "note1": "6 - 12 months",
            "note2": ""
        },
        "16": {
            "left": 70,
            "top": 30,
            "note1": "More than 12 months"
        },
        "6-2": {
            "left": 70,
            "top": 50,
            "note1": "There won't be",
            "note2": "business as usual"
        }
    }
}
