{
    "titles": [
        {"text": "Collaboration, cloud and", "level": 1, "left": 0, "top": 20},
        {"text": "digitization opportunities", "level": 1, "left": 0, "top": 37},
        {"text": "Anticipated future interest", "level": 2, "left": 0, "top": 54}
    ],
    "row_start": {
        "left": 0,
        "top": 85
    },
    "opportunity_rows": [
        {"label1": "Collaboration services", "label2": "", "perc": 96},
        {"label1": "Cloud digital workflow", "label2": "solutions", "perc": 89},
        {"label1": "Digitisation of", "label2": "paper-based process", "perc": 85}
    ]
}
