{
    "titles": [
        {"text": "Market disruption will", "level": 1, "top": 20},
        {"text": "drive innovation", "level": 1, "top": 38},
        {"text": "Agree or Strongly Agree responses", "level": 2, "top": 55}
    ],
    "data": [84, 77, 66],
    "rowTexts": {
        "84": {
            "text1": "COVID-19 has",
            "text2": "caused significant",
            "text3": "industry disruption",
            "text4": "",
            "text5": ""
        },
        "77": {
            "text1": "COVID-19 presents",
            "text2": "an opportunity",
            "text3": "for innovation",
            "text4": "",
            "text5": ""
        },
        "66": {
            "text1": "COVID-19 need",
            "text2": "to change our",
            "text3": "operating model",
            "text4": "as a result of",
            "text5": "COVID-19"
        }
    }
}