{
    "titles": [
        {"text": "Vertical demand varies", "fontSize": 16, "level": 1, "left": 0, "top": 20},
        {"text": "How is demand changing by industry sector?", "fontSize": 11, "level": 2, "left": 0, "top": 35}
    ],
    "boxes": [
        {"label": "Decrease", "color": "#008BEA", "left": 320, "top": 15},
        {"label": "Increase", "color": "#2EE7D2", "left": 400, "top": 15}
    ],
    "row_start": {
        "left": 0,
        "top": 64
    },
    "demand_rows": [
        {"label": "Education", "left_perc": -60, "right_perc": 11},
        {"label": "Retail", "left_perc": -71, "right_perc": 9},
        {"label": "Business &", "left_perc": -63, "right_perc": 10, "label2": "Professional Services"},
        {"label": "Financial Services", "left_perc": -49, "right_perc": 16},
        {"label": "Government", "left_perc": -29, "right_perc": 32},
        {"label": "Healthcare", "left_perc": -15, "right_perc": 54}
    ]
}
